{"cameraMode":{"drawMode":0,"name":"Shaded","section":"Shading Mode"},"sceneLighting":true,"audioPlay":false,"sceneViewState":{"m_AlwaysRefresh":false,"showFog":true,"showSkybox":true,"showFlares":true,"showImageEffects":true,"showParticleSystems":true,"showVisualEffectGraphs":true,"m_FxEnabled":false},"in2DMode":false,"pivot":{"x":0.05018949508666992,"y":-0.1719825267791748,"z":2.7439632415771486},"rotation":{"x":-0.05996916443109512,"y":0.556232213973999,"z":-0.04029069095849991,"w":-0.827887773513794},"size":5.6104936599731449,"orthographic":false}